cell,batch,policy,cycle_life,first_valid_idx,n_cycles,min_QD,excluded
b1c0,b1,3.6C(80%)-3.6C,1190.0,1,1188,1.0198556,not_reach_EOL
b1c1,b1,3.6C(80%)-3.6C,1179.0,1,1177,1.0385878,not_reach_EOL
b1c2,b1,3.6C(80%)-3.6C,1177.0,1,1175,1.043466,not_reach_EOL
b1c3,b1,4C(80%)-4C,1226.0,1,1224,0.97127265,not_reach_EOL
b1c4,b1,4C(80%)-4C,1227.0,1,1225,1.0217109,not_reach_EOL
b1c5,b1,4.4C(80%)-4.4C,1074.0,1,1072,0.88118136,
b1c6,b1,4.8C(80%)-4.8C,636.0,1,634,0.88149858,
b1c7,b1,4.8C(80%)-4.8C,870.0,1,868,0.88245028,
b1c8,b1,5.4C(40%)-3.6C,879.0,1,877,0.96977091,not_reach_EOL
b1c9,b1,5.4C(40%)-3.6C,1054.0,1,1052,0.88205385,
b1c10,b1,5.4C(50%)-3C,906.0,1,904,0.96154732,not_reach_EOL
b1c11,b1,5.4C(50%)-3C,788.0,1,786,0.88173044,
b1c12,b1,5.4C(50%)-3.6C,902.0,1,900,0.91423124,not_reach_EOL
b1c13,b1,5.4C(50%)-3.6C,897.0,1,895,0.92431557,not_reach_EOL
b1c14,b1,5.4C(60%)-3C,880.0,1,878,0.88091892,
b1c15,b1,5.4C(60%)-3C,719.0,1,717,0.88400668,
b1c16,b1,5.4C(60%)-3.6C,862.0,1,860,0.8821463,
b1c17,b1,5.4C(60%)-3.6C,857.0,1,855,0.88429546,
b1c18,b1,5.4C(70%)-3C,691.0,1,689,0.88109094,
b1c19,b1,5.4C(70%)-3C,788.0,1,786,0.88187855,
b1c20,b1,5.4C(80%)-5.4C,534.0,1,532,0.88272858,
b1c21,b1,5.4C(80%)-5.4C,559.0,1,557,0.88251334,
b1c22,b1,6C(30%)-3.6C,891.0,1,889,0.96429986,not_reach_EOL
b1c23,b1,6C(30%)-3.6C,1014.0,1,1012,0.88166744,
b1c24,b1,6C(40%)-3C,1017.0,1,1015,0.88127011,
b1c25,b1,6C(40%)-3C,854.0,1,852,0.88107961,
b1c26,b1,6C(40%)-3.6C,870.0,1,868,0.88174134,
b1c27,b1,6C(40%)-3.6C,842.0,1,840,0.8825196,
b1c28,b1,6C(50%)-3C,860.0,1,858,0.88147289,
b1c29,b1,6C(50%)-3C,917.0,1,915,0.88122123,
b1c30,b1,6C(50%)-3.6C,709.0,1,707,0.88186419,
b1c31,b1,6C(50%)-3.6C,876.0,1,874,0.88226581,
b1c32,b1,6C(60%)-3C,731.0,1,729,0.8819775,
b1c33,b1,6C(60%)-3C,757.0,1,755,0.88054943,
b1c34,b1,7C(30%)-3.6C,742.0,1,740,0.88432842,
b1c35,b1,7C(30%)-3.6C,703.0,1,701,0.88159406,
b1c36,b1,7C(40%)-3C,704.0,1,702,0.8832801,
b1c37,b1,7C(40%)-3C,648.0,1,646,0.88459408,
b1c38,b1,7C(40%)-3.6C,617.0,1,615,0.88268411,
b1c39,b1,7C(40%)-3.6C,625.0,1,623,0.88098711,
b1c40,b1,8C(15%)-3.6C,966.0,1,964,0.88215685,
b1c41,b1,8C(15%)-3.6C,1051.0,1,1049,0.88261503,
b1c42,b1,8C(25%)-3.6C,702.0,1,700,0.88130552,
b1c43,b1,8C(25%)-3.6C,651.0,1,649,0.88145757,
b1c44,b1,8C(35%)-3.6C,616.0,1,614,0.88151878,
b1c45,b1,8C(35%)-3.6C,599.0,1,597,0.88242537,
b2c0,b2,5.2C(58%)-4C,477.0,0,496,0.82959569,
b2c1,b2,5.6C(26%)-4.5C,491.0,0,513,0.83229572,
b2c2,b2,5.2C(50%)-4.25C,424.0,0,439,0.8270101,
b2c3,b2,4.65C(44%)-5C,499.0,0,517,0.83011818,
b2c4,b2,4.65C(69%)-6C,444.0,0,464,0.82733744,
b2c5,b2,3.6C(30%)-6C,416.0,0,445,0.8261537,
b2c6,b2,3.6C(9%)-5C,393.0,0,409,0.83460557,
b2c7,b2,4.8C(80%)-4.8C-newstructure,777.0,0,806,0.83034962,
b2c8,b2,5.2C(58%)-4C-newstructure,904.0,0,947,0.82763445,
b2c9,b2,5.6C(26%)-4.5C-newstructure,791.0,0,819,0.82940471,
b2c10,b2,4.8C(80%)-4.8C,492.0,0,519,0.82827312,
b2c11,b2,5.2C(50%)-4.25C,449.0,0,468,0.83020967,
b2c12,b2,4.65C(44%)-5C,466.0,0,493,0.82730806,
b2c13,b2,4.65C(69%)-6C,460.0,0,483,0.82754004,
b2c14,b2,3.6C(30%)-6C,426.0,0,461,0.82655913,
b2c15,b2,3.6C(9%)-5C,396.0,0,414,0.82846385,
b2c16,b2,4.8C(80%)-4.8C,472.0,0,499,0.82828379,
b2c17,b2,5.6C(26%)-4.5C,471.0,0,494,0.82937384,
b2c18,b2,5.2C(50%)-4.25C,449.0,0,467,0.82980907,
b2c19,b2,6C(60%)-3C,392.0,0,411,0.8298887,
b2c20,b2,5.2C(58%)-4C,489.0,0,506,0.83064002,
b2c21,b2,6C(60%)-3C,408.0,0,426,0.82783753,
b2c22,b2,VarCharge-2C-100cycles,,0,920,1.0556005,no_label
b2c23,b2,VarCharge-4C-100cycles,,0,1152,0.97779608,no_label
b2c24,b2,4.8C(80%)-4.8C,514.0,0,536,0.82764596,
b2c25,b2,5.2C(58%)-4C,493.0,0,511,0.83126217,
b2c26,b2,5.6C(26%)-4.5C,450.0,0,476,0.82697916,
b2c27,b2,5.2C(50%)-4.25C,474.0,0,493,0.82910407,
b2c28,b2,4.8C(80%)-4.8C,437.0,0,456,0.83002156,
b2c29,b2,5.2C(58%)-4C,452.0,0,470,0.82616943,
b2c30,b2,5.6C(26%)-4.5C,412.0,0,429,0.82823873,
b2c31,b2,5.6C(26%)-4.5C,425.0,0,446,0.82542616,
b2c32,b2,4.8C(80%)-4.8C-newstructure,809.0,0,834,0.82994014,
b2c33,b2,5.2C(58%)-4C-newstructure,1140.0,0,1190,0.82621998,
b2c34,b2,5.6C(26%)-4.5C-newstructure,1186.0,0,1252,0.82659429,
b2c35,b2,VarCharge-6C-100cycles,,0,423,0.88239557,no_label
b2c36,b2,VarCharge-8C-100cycles,,0,280,0.88236815,no_label
b2c37,b2,3.6C(80%)-3.6C(SLOWCYCLE,,0,101,1.0823603,no_label
b2c38,b2,4.8C(80%)-4.8C(SLOWCYCLE,,0,101,1.0782462,no_label
b2c39,b2,3.6C(9%)-5C(SLOWCYCLE,,0,434,0.88299954,no_label
b2c40,b2,5.2C(58%)-4C(SLOWCYCLE,,0,459,0.88187468,no_label
b2c41,b2,5.6C(26%)-4.5C,442.0,0,463,0.82802457,
b2c42,b2,5.2C(50%)-4.25C,474.0,0,497,0.8303684,
b2c43,b2,4.8C(80%)-4.8C-newstructure,1029.0,0,1061,0.82652593,
b2c44,b2,5.2C(58%)-4C-newstructure,841.0,0,874,0.82675707,
b2c45,b2,5.6C(26%)-4.5C-newstructure,997.0,0,1027,0.82973832,
b2c46,b2,4.8C(80%)-4.8C,503.0,0,523,0.83067822,
b3c0,b3,5C(67%)-4C-newstructure,1009.0,0,1008,0.8812837,
b3c1,b3,5.3C(54%)-4C-newstructure,1063.0,0,1062,0.88104802,
b3c2,b3,5.6C(19%)-4.6C-newstructure,1267.0,0,1266,0.8805927,
b3c3,b3,5.6C(36%)-4.3C-newstructure,1115.0,0,1114,0.8811093,
b3c4,b3,5.6C(19%)-4.6C-newstructure,1048.0,0,1047,0.8805396,
b3c5,b3,5.6C(36%)-4.3C-newstructure,828.0,0,827,0.88158864,
b3c6,b3,3.7C(31%)-5.9C-newstructure,667.0,0,666,0.88088632,
b3c7,b3,4.8C(80%)-4.8C-newstructure,1836.0,0,1835,0.88062292,
b3c8,b3,5C(67%)-4C-newstructure,828.0,0,827,0.88224238,
b3c9,b3,5.3C(54%)-4C-newstructure,1039.0,0,1038,0.88093406,
b3c10,b3,4.8C(80%)-4.8C-newstructure,1078.0,0,1077,0.88114816,
b3c11,b3,5.6C(19%)-4.6C-newstructure,817.0,0,816,0.88218457,
b3c12,b3,5.6C(36%)-4.3C-newstructure,932.0,0,931,0.88171583,
b3c13,b3,5.6C(19%)-4.6C-newstructure,816.0,0,815,0.88134307,
b3c14,b3,5.6C(36%)-4.3C-newstructure,858.0,0,857,0.88178998,
b3c15,b3,5.9C(15%)-4.6C-newstructure,876.0,0,875,0.88135076,
b3c16,b3,4.8C(80%)-4.8C-newstructure,1638.0,0,1637,0.88039267,
b3c17,b3,5.3C(54%)-4C-newstructure,1315.0,0,1314,0.88087922,
b3c18,b3,5.6C(19%)-4.6C-newstructure,1146.0,0,1145,0.88040739,
b3c19,b3,5.6C(36%)-4.3C-newstructure,1155.0,0,1154,0.88041735,
b3c20,b3,5C(67%)-4C-newstructure,813.0,0,812,0.88147181,
b3c21,b3,3.7C(31%)-5.9C-newstructure,772.0,0,771,0.88119364,
b3c22,b3,5.9C(60%)-3.1C-newstructure,1002.0,0,1001,0.88258713,
b3c23,b3,4.8C(80%)-4.8C-newstructure,,0,2189,0.93704075,no_label
b3c24,b3,5C(67%)-4C-newstructure,825.0,0,824,0.88145351,
b3c25,b3,5.3C(54%)-4C-newstructure,989.0,0,988,0.88278508,
b3c26,b3,5.6C(19%)-4.6C-newstructure,1028.0,0,1027,0.88094211,
b3c27,b3,5.6C(36%)-4.3C-newstructure,850.0,0,849,0.88093424,
b3c28,b3,3.7C(31%)-5.9C-newstructure,541.0,0,540,0.88086069,
b3c29,b3,5.9C(15%)-4.6C-newstructure,858.0,0,857,0.88112193,
b3c30,b3,5.3C(54%)-4C-newstructure,935.0,0,934,0.88137162,
b3c31,b3,5.9C(60%)-3.1C-newstructure,731.0,0,730,0.88175875,
b3c32,b3,4.8C(80%)-4.8C-newstructure,,0,2237,0.97399509,no_label
b3c33,b3,5C(67%)-4C-newstructure,1284.0,0,1283,0.88156533,
b3c34,b3,5.3C(54%)-4C-newstructure,1158.0,0,1157,0.88088381,
b3c35,b3,5.6C(19%)-4.6C-newstructure,1093.0,0,1092,0.88075078,
b3c36,b3,5.6C(36%)-4.3C-newstructure,923.0,0,922,0.88211948,
b3c37,b3,4.8C(80%)-4.8C-newstructure,1390.0,0,1389,0.88130903,
b3c38,b3,5C(67%)-4C-newstructure,1935.0,0,1934,0.88023263,
b3c39,b3,5.3C(54%)-4C-newstructure,1156.0,0,1155,0.88156033,
b3c40,b3,5.6C(19%)-4.6C-newstructure,796.0,0,795,0.88180524,
b3c41,b3,5.6C(36%)-4.3C-newstructure,786.0,0,785,0.88154149,
b3c42,b3,4.8C(80%)-4.8C-newstructure,1642.0,0,1641,0.88089961,
b3c43,b3,5C(67%)-4C-newstructure,1046.0,0,1045,0.88161969,
b3c44,b3,5.3C(54%)-4C-newstructure,940.0,0,939,0.88192928,
b3c45,b3,4.8C(80%)-4.8C-newstructure,1801.0,0,1800,0.88075674,
