cell,batch,policy,cycle_life,dQ_logvar,dQ_min,dQ_mean,dQ_skew,dQ_kurt,QD_c2,QD_max_minus_c2,QD_slope_2_100,IR_c2,IR_diff,Tavg_mean,chargetime_mean,C_avg,y
b1c5,b1,4.4C(80%)-4.4C,1074.0,-4.1558323,-1.583635618891723,-1.9379809237439487,-0.14129635091899537,-1.1923634547475201,1.0775996,0.0043479999999997965,5.350533085977305e-06,0.016396422,-8.326800000000092e-05,30.91968387213521,10.950920000000012,4.4,3.0310042813635367
b1c6,b1,4.8C(80%)-4.8C,636.0,-3.771283,-1.4142292868931499,-1.7913997086659939,-0.39345569341168396,-1.2100196564647545,1.0784051,0.0036812999999999985,-1.1077642547908548e-05,0.016977131,-0.0003092620000000011,32.2713243802235,10.058975333333327,4.8,2.803457115648414
b1c7,b1,4.8C(80%)-4.8C,870.0,-3.8218343,-1.4288572390597245,-1.7846160995377454,-0.308700427298609,-1.112407511281854,1.0959545,0.0019061000000000217,-1.1891463203450656e-05,0.016267659,6.202999999999764e-06,31.98819568227771,10.042061666666669,4.8,2.9395192526186187
b1c9,b1,5.4C(40%)-3.6C,1054.0,-3.9786448,-1.5280944356696524,-1.9135110629903629,-0.4595648102595592,-1.2049044146276398,1.0842299,0.004633499999999957,1.479931601732131e-05,0.01692898,2.4271999999998795e-05,32.641869358850435,11.207926666666662,4.32,3.022840610876528
b1c11,b1,5.4C(50%)-3C,788.0,-4.0990715,-1.5988972770873047,-2.045592559156786,-0.6055149368729744,-1.1836513370256865,1.0558786,0.005354000000000081,1.7484399505265763e-05,0.016582273,-0.00031164300000000034,32.7574112089943,11.685499999999987,4.153846153846154,2.8965262174895554
b1c14,b1,5.4C(60%)-3C,880.0,-4.048739,-1.5481533778453316,-1.923225688362275,-0.26347544874082435,-1.2982328182165759,1.0724825,0.005191200000000062,2.082654545455724e-05,0.017082188,-3.60619999999999e-05,33.0761220841032,10.764413999999999,4.499999999999999,2.9444826721501687
b1c15,b1,5.4C(60%)-3C,719.0,-4.0251675,-1.540124938850828,-1.9624768043860132,-0.4664680195568017,-1.2281120220336827,1.0637267,0.0054298999999999875,2.2244226345091096e-05,0.017166486,-0.0002449920000000029,33.147329118291104,10.781078999999997,4.499999999999999,2.8567288903828825
b1c16,b1,5.4C(60%)-3.6C,862.0,-4.101591,-1.5594269510023406,-1.9011828811110887,-0.08224706396878173,-1.237679182860319,1.0833585,0.005013400000000168,1.750812739642718e-05,0.016791083,1.3582000000001565e-05,32.41730740258483,10.12976200000001,4.8,2.9355072658247128
b1c17,b1,5.4C(60%)-3.6C,857.0,-3.9972181,-1.519520943190161,-1.9009981312642816,-0.2997157985032106,-1.2846574452503872,1.073923,0.005144500000000107,1.3797047619057545e-05,0.016739396,5.4115999999999886e-05,32.089835071154894,10.146947333333326,4.8,2.932980821923198
b1c18,b1,5.4C(70%)-3C,691.0,-3.6640017,-1.3630779601586984,-1.6950007361406079,-0.0653754499605637,-1.3831176060969332,1.0674137,0.002694500000000044,-5.1478800247363395e-05,0.019886132,-0.003991768999999999,31.841769591509205,9.941448,4.909090909090909,2.8394780473741985
b1c19,b1,5.4C(70%)-3C,788.0,-3.63437,-1.3500357541293744,-1.7078751256989415,-0.2890596834172453,-1.314816285770153,1.0869932,0.0022009999999998975,-1.3416577612848034e-05,0.016386686,-9.84199999999949e-06,33.04550645347983,9.908120333333331,4.909090909090909,2.8965262174895554
b1c20,b1,5.4C(80%)-5.4C,534.0,-3.363507,-1.2038665742509826,-1.4806104865838583,0.2557791165052297,-1.0898913343040408,1.0744811,0.0011961999999998696,-0.0001467560754483498,0.015663207,-0.0004956829999999985,32.14992266190298,9.020465000000017,5.4,2.727541257028556
b1c21,b1,5.4C(80%)-5.4C,559.0,-3.3422973,-1.1908528167035768,-1.509413743536775,-0.09599558812145852,-1.1488811421719227,1.0844665,0.0013312000000000879,-8.866160173158913e-05,0.015273424,-0.00014681400000000032,33.13361403850938,8.964074,5.4,2.747411807886423
b1c23,b1,6C(30%)-3.6C,1014.0,-4.029666,-1.5244333564926158,-1.870661300412557,-0.1233436072649418,-1.2448595158639035,1.0813111,0.0021626000000001255,-9.956883116872044e-06,0.016908232,1.5445000000002818e-05,31.991844908346874,11.446996333333361,4.235294117647059,3.0060379549973173
b1c24,b1,6C(40%)-3C,1017.0,-3.9250817,-1.4880158971197153,-1.847578851598713,-0.324599010386824,-1.2772119695421693,1.0761921,0.0027798999999999463,3.179505256771423e-07,0.016643735,5.2366000000001606e-05,33.37963221358142,12.14707433333333,4.0,3.0073209529227447
b1c25,b1,6C(40%)-3C,854.0,-3.9972286,-1.5156433605576747,-1.8866245387563616,-0.3464932358855904,-1.2510349068655444,1.0766819,0.003165199999999979,-2.9715114409326606e-06,0.016663048,2.362800000000123e-05,33.85004267960449,12.146845000000004,4.0,2.931457870689005
b1c26,b1,6C(40%)-3.6C,870.0,-3.7760062,-1.4068802758537773,-1.7395386780001338,-0.12343692261649744,-1.2733407935203576,1.0895739,0.0018477000000001187,-1.6968257266535875e-05,0.016335486,4.8831999999998654e-05,33.15721732664253,10.781434000000008,4.5,2.9395192526186187
b1c27,b1,6C(40%)-3.6C,842.0,-3.8339083,-1.4352519903536283,-1.7966109528767025,-0.29744749609022597,-1.2301668751604984,1.0807079,0.002153400000000083,-1.3297293753855523e-05,0.016134517,5.854099999999876e-05,33.89636152763741,10.79680633333332,4.5,2.9253120914996495
b1c28,b1,6C(50%)-3C,860.0,-3.8292747,-1.4213918472166531,-1.7650951238486612,-0.14019589399789156,-1.2531008852502394,1.0796903,0.0017945999999999795,-1.0652638218913344e-05,0.016719546,8.087800000000298e-05,33.77578231565539,11.130054333333343,4.363636363636363,2.934498451243568
b1c29,b1,6C(50%)-3C,917.0,-3.8246336,-1.4272992937759874,-1.7724138966159644,-0.1412225781104349,-1.2848268463233175,1.0812927,0.0024334999999999773,-8.34961533703891e-06,0.016580919,6.838699999999961e-05,32.70585153367289,11.179545999999998,4.363636363636363,2.962369335670021
b1c30,b1,6C(50%)-3.6C,709.0,-3.7483118,-1.3900576208147322,-1.7494623859203626,-0.2690044235288826,-1.2351590054968673,1.0818657,0.001844599999999863,-2.001766233765731e-05,0.016041212,8.662000000000253e-05,33.54145354148886,10.130146000000003,4.8,2.8506462351830666
b1c31,b1,6C(50%)-3.6C,876.0,-3.7697139,-1.3966112608323769,-1.733701503203831,-0.1002933039308448,-1.2414049389727566,1.0967276,0.0015873000000001802,-2.9161659863934155e-05,0.016916323,4.168799999999806e-05,30.375122498096434,10.130272000000017,4.8,2.9425041061680806
b1c32,b1,6C(60%)-3C,731.0,-3.6475236,-1.338112988967796,-1.6788640122644753,-0.13939176339217832,-1.2810165089273853,1.0795897,0.002041399999999971,-1.5826002473704012e-05,0.016192216,8.912800000000082e-05,33.08167990553563,10.113042666666654,4.8,2.8639173769578603
b1c33,b1,6C(60%)-3C,757.0,-3.6682532,-1.3490053564519264,-1.6666331617636718,0.07968490484637084,-1.2357219948428133,1.0946157,0.0021415000000000184,-2.533084230054664e-05,0.016547715,2.8758000000000256e-05,33.67419822780328,10.129825666666664,4.8,2.8790958795000727
b1c34,b1,7C(30%)-3.6C,742.0,-3.843104,-1.4251085023549361,-1.7849540842049,-0.12984666246935195,-1.197272768633064,1.0782866,0.003073400000000115,-3.0989412492204273e-06,0.016942797,6.445000000000756e-06,32.66633084723196,11.067877333333323,4.401746724890829,2.870403905279027
b1c35,b1,7C(30%)-3.6C,703.0,-3.7593195,-1.3988545016702831,-1.7326708563843731,-0.08768066228811616,-1.2976278641454715,1.0727253,0.0030556999999999945,-1.7127025354229965e-07,0.017019259,7.898300000000122e-05,32.09906348450572,11.067800999999987,4.401746724890829,2.846955325019824
b1c36,b1,7C(40%)-3C,704.0,-3.656159,-1.3476320186829254,-1.668892229311775,-0.015654996011390362,-1.3021604975603769,1.0799077,0.0023467999999999822,-1.1331093382788524e-05,0.016444681,0.0001320929999999998,32.04802128902591,11.5247356666667,4.2,2.847572659142112
b1c37,b1,7C(40%)-3C,648.0,-3.6600037,-1.3494351634391097,-1.7052473499591196,-0.22054984685408355,-1.2886953799692302,1.0766596,0.00246460000000015,-1.3626210265908258e-05,0.016576257,0.00010450299999999885,32.96100722508511,11.57448233333335,4.2,2.8115750058705933
b1c38,b1,7C(40%)-3.6C,617.0,-3.4325733,-1.238743596283911,-1.568213400523381,-0.049371604528807546,-1.340976555253195,1.0743377,0.002116899999999866,-1.2005527520087402e-05,0.016216327,0.00012277200000000016,33.69774407689677,10.242885666666686,4.754716981132075,2.7902851640332416
b1c39,b1,7C(40%)-3.6C,625.0,-3.507486,-1.267821361368907,-1.6123415411772515,-0.1426401390308778,-1.2701095565986975,1.0838681,0.0025468000000001823,-6.801308596155936e-06,0.016682221,0.00015737600000000074,33.50931950024578,10.274883333333353,4.754716981132075,2.7958800173440754
b1c40,b1,8C(15%)-3.6C,966.0,-4.090692,-1.5463599524027658,-1.9029622496679652,-0.2094817383783103,-1.2152823400862098,1.0854201,0.0023140999999999856,-1.1841444650574594e-05,0.016708069,9.301100000000048e-05,33.46034586675336,12.054393333333342,4.013937282229966,2.9849771264154934
b1c41,b1,8C(15%)-3.6C,1051.0,-4.0636845,-1.0289516535919287,-1.9120498172973868,-0.8271772611188433,4.370903638645137,1.0810505,0.0027449999999999974,-3.6465689548438314e-06,0.016819723,8.234999999998799e-06,33.074275872482055,12.070889,4.013937282229966,3.021602716028242
b1c42,b1,8C(25%)-3.6C,702.0,-3.6703012,-1.348682846807861,-1.6712160743697424,-0.0004667585427767322,-1.259715511404411,1.0821602,0.002612300000000012,-1.3709029066084484e-06,0.016730737,0.00013137400000000007,33.58709396399808,11.154371000000015,4.347169811320755,2.846337112129805
b1c43,b1,8C(25%)-3.6C,651.0,-3.6650372,-1.34237695905451,-1.7104793983736535,-0.22401625924926163,-1.3156193819351252,1.0701088,0.001511799999999841,-2.699847990104303e-05,0.01610712,0.00013329200000000013,33.34021885175115,11.170893666666657,4.347169811320755,2.813580988568192
b1c44,b1,8C(35%)-3.6C,616.0,-3.4223254,-1.233346266384725,-1.5334508027827416,0.1479807276345213,-1.2802581785230496,1.0867941,0.0014942999999998374,-3.669910204080504e-05,0.017408649,0.00018254199999999735,32.555574424575966,10.254372666666665,4.7407407407407405,2.7895807121644256
b1c45,b1,8C(35%)-3.6C,599.0,-3.4231968,-1.2321221924220036,-1.534797121394997,0.1255467570786329,-1.280475366711085,1.0860058,0.0023412000000000432,-1.62546295609046e-05,0.016654616,0.00018778499999999934,33.00421623084855,10.237895333333325,4.7407407407407405,2.7774268223893115
b2c0,b2,5.2C(58%)-4C,477.0,-3.4872649,-1.2591536832323302,-1.5883634256153703,-0.03143215470952236,-1.2425689178275043,1.102657,0.005861700000000081,1.5601678416828095e-05,0.017402707,6.96420000000017e-05,31.808470926230026,10.173733999999968,4.803695150115473,2.678518379040114
b2c1,b2,5.6C(26%)-4.5C,491.0,-3.2980514,-1.179702197761917,-1.4486109021813554,0.3174969331490706,-1.159103597577187,1.1059335,0.0024013000000000506,-3.090830550400458e-05,0.01817438,-0.0006942100000000007,33.60099815475848,10.192646000000046,4.8068669527897,2.6910814921229687
b2c2,b2,5.2C(50%)-4.25C,424.0,-3.4602485,-1.2780426731779044,-1.601827476670295,-0.15525381787583006,-1.4037549331181123,1.0748364,0.005327599999999988,-1.0087380333945887e-05,0.016669566,-9.869800000000123e-05,33.17566129490617,10.175071333333326,4.797829036635006,2.6273658565927325
b2c3,b2,4.65C(44%)-5C,499.0,-3.496243,-1.2528333943201868,-1.6970226034248777,-0.6865232765725203,-0.8132618062982591,1.096119,0.00997249999999994,7.724486703774232e-05,0.016083341,-3.5558000000001505e-05,33.93805810095692,10.173250333333367,4.80123902942695,2.6981005456233897
b2c4,b2,4.65C(69%)-6C,444.0,-3.2325068,-1.1530620804291032,-1.4586479499813962,-0.010537042118579225,-1.3023523100585719,1.0895668,0.0006914000000000087,-6.799245887444957e-05,0.017068394,-0.0009035920000000017,33.04820861652687,10.222283666666627,4.798452112221864,2.6473829701146196
b2c5,b2,3.6C(30%)-6C,416.0,-3.0858817,-1.0647447607701381,-1.332683367713553,0.3621746103707554,-1.0375621735623,1.0989141,0.0,-0.00019677066666665046,0.016014345,-0.0007167039999999986,33.01307013030371,10.178295333333276,4.800000000000001,2.6190933306267428
b2c6,b2,3.6C(9%)-5C,393.0,-3.5300395,-1.3021386991512789,-1.6814193096647516,-0.42091332983363766,-1.2152711378294645,1.0885617,0.009655100000000028,6.054301669759562e-05,0.016595399,-0.0005260630000000002,33.81904518975318,10.179130999999906,4.790419161676646,2.5943925503754266
b2c7,b2,4.8C(80%)-4.8C-newstructure,777.0,-4.23167,-1.662780540177898,-2.05437867993571,-0.37345440686667686,-1.326638368141714,1.0913519,0.005112899999999865,5.103452690167977e-05,0.014809063,1.3403999999999847e-05,33.769687089746824,10.037040333333376,4.8,2.890421018800914
b2c8,b2,5.2C(58%)-4C-newstructure,904.0,-4.1024227,-1.5553137321353514,-1.9506494025828989,-0.44542489734087676,-0.951030845314349,1.091185,0.0022668999999999606,-2.296036734692816e-05,0.016484642,3.0228999999999673e-05,33.59868374090274,10.04007933333327,4.803695150115473,2.9561684304753633
b2c9,b2,5.6C(26%)-4.5C-newstructure,791.0,-4.3444257,-1.7043411609730388,-2.1280208887200773,-0.05218960246857671,-0.7640820838535407,1.097174,0.002005899999999894,-3.3441764996894635e-05,0.015408114,-5.300199999999991e-05,32.3508526526095,10.040580999999946,4.8068669527897,2.8981764834976764
b2c10,b2,4.8C(80%)-4.8C,492.0,-3.4509,-1.2533466124790975,-1.5298793113153737,0.2632049005791445,-1.2438033959991865,1.1094496,0.0071840999999999156,4.7546143475581935e-05,0.017335583,-0.00030304700000000073,31.720791269063756,10.17126966666663,4.8,2.69196510276736
b2c11,b2,5.2C(50%)-4.25C,449.0,-3.485393,-1.2604371526557396,-1.6195601709047143,-0.22207910443012527,-1.2401571157923563,1.0970209,0.011896300000000082,0.00010679962770564154,0.017361749,1.5793000000000057e-05,33.146477466034135,10.17367599999993,4.797829036635006,2.6522463410033232
b2c12,b2,4.65C(44%)-5C,466.0,-3.1679683,-1.1116449924999852,-1.4045303341941688,0.11788275521471697,-1.240773651834891,1.1023821,0.005192599999999992,3.052849721708005e-05,0.017251369,-0.0010207299999999975,31.314676947956993,10.174669333333393,4.80123902942695,2.66838591669
b2c13,b2,4.65C(69%)-6C,460.0,-3.3444476,-1.1892669359145205,-1.4676275680960862,0.3347822939211659,-1.0960045754689074,1.0957689,0.0006857000000000113,-1.1300839826830394e-05,0.016970724,-0.0010935590000000009,31.946988973926523,10.207829000000007,4.798452112221864,2.662757831681574
b2c14,b2,3.6C(30%)-6C,426.0,-3.11852,-1.0771996932950658,-1.3510960890247206,0.2888282152030136,-1.0885544512672956,1.0844886,4.5100000000131146e-05,-0.00010183983549782946,0.017186515,-0.000878801999999998,32.123877001585356,10.207831333333306,4.800000000000001,2.629409599102719
b2c15,b2,3.6C(9%)-5C,396.0,-3.5162518,-1.2929864746296678,-1.6173475326953326,-0.07187733247929175,-1.393294172397333,1.0697494,0.008705299999999916,9.32436722325363e-05,0.017212247,-0.0009618189999999992,32.862747677246595,10.174112999999924,4.790419161676646,2.597695185925512
b2c16,b2,4.8C(80%)-4.8C,472.0,-3.494881,-1.2736447737682641,-1.5809591728271575,0.07215864335446702,-1.2968602208615592,1.095314,0.005531700000000139,-1.4040606060595889e-05,0.017776627,-0.0002792050000000011,32.7673986704417,10.171980333333341,4.8,2.673941998634088
b2c17,b2,5.6C(26%)-4.5C,471.0,-3.500344,-1.2793251684283236,-1.61356629147059,-0.1715839356016846,-1.2841554122571257,1.0920639,0.004557900000000004,3.791933209648546e-05,0.017503092,-0.00042510400000000254,32.988612809790894,10.176372333333273,4.8068669527897,2.673020907128896
b2c18,b2,5.2C(50%)-4.25C,449.0,-3.7073028,-1.4007099652369899,-1.778823413907614,-0.27357946811620937,-1.4464130224431684,1.0756292,0.011464999999999836,0.00011093373654917262,0.01680507,-4.021899999999759e-05,32.88627829858526,10.175029666666669,4.797829036635006,2.6522463410033232
b2c19,b2,6C(60%)-3C,392.0,-3.291958,-1.182753919178291,-1.4646019745815009,0.15621269872932814,-1.2820385997639394,1.0907462,0.008024699999999996,2.2210098948684413e-05,0.016772689,6.25240000000013e-05,32.770067410122046,10.175535333333391,4.8,2.593286067020457
b2c20,b2,5.2C(58%)-4C,489.0,-3.4413054,-1.2182153393452522,-1.6119851802691882,-0.4394031224872853,-0.9586722051285741,1.0977259,0.0061388,2.9243789734083366e-05,0.016656091,0.00019093999999999708,33.61911118506716,10.172872000000012,4.803695150115473,2.6893088591236203
b2c21,b2,6C(60%)-3C,408.0,-3.326679,-1.1906584305183268,-1.4777051134134607,0.1957893876185231,-1.2511447768111947,1.0985936,0.006707099999999855,3.2009417439713294e-05,0.017283741,0.00012853800000000096,33.60118814118363,10.174583999999935,4.8,2.61066016308988
b2c24,b2,4.8C(80%)-4.8C,514.0,-3.640885,-1.3397994048160138,-1.6426087313975801,0.1473919529918978,-1.2469402897719633,1.0923017,0.008755700000000255,4.1007266542995285e-05,0.016653664,-0.00014084899999999845,33.206377241160645,10.170490666666689,4.8,2.710963118995276
b2c25,b2,5.2C(58%)-4C,493.0,-3.534478,-1.2966355277101982,-1.6268859465497785,-0.06298643834316342,-1.3538646429306211,1.098838,0.007532199999999989,3.837607173779969e-05,0.016827697,2.3801000000000377e-05,32.23848796399698,10.172881333333304,4.803695150115473,2.69284691927723
b2c26,b2,5.6C(26%)-4.5C,450.0,-3.2220535,-1.1348437325025755,-1.4197761419322863,0.23025807726758085,-1.1877112132120957,1.1056468,0.0007614000000000232,-1.1797084724784367e-05,0.018412031,-0.0008291710000000001,33.75843376995604,10.192329666666629,4.8068669527897,2.6532125137753435
b2c27,b2,5.2C(50%)-4.25C,474.0,-3.4862037,-1.263673326686216,-1.6075856766124315,-0.13920165139338392,-1.355318025188063,1.0942627,0.009868800000000011,8.389795423624949e-05,0.017678261,0.00012275900000000006,33.30411096115286,10.174448333333178,4.797829036635006,2.6757783416740852
b2c28,b2,4.8C(80%)-4.8C,437.0,-3.4234111,-1.2480173887262334,-1.5530074276634942,0.04582472676927267,-1.391181602312974,1.0899123,0.009614699999999976,5.9010147186156484e-05,0.016827082,-0.0006546150000000008,32.143914131113334,10.17431633333336,4.8,2.640481436970422
b2c29,b2,5.2C(58%)-4C,452.0,-3.508248,-1.278737543697722,-1.5964979606850056,0.019297318910404503,-1.3423379179321975,1.1032062,0.013391299999999884,0.00011858885590600419,0.016795976,0.00011061700000000035,31.797490897448796,10.173121999999905,4.803695150115473,2.655138434811382
b2c30,b2,5.6C(26%)-4.5C,412.0,-3.1854095,-1.1219206528160042,-1.4016922843647968,0.25115047940783825,-1.2012565982633585,1.0950533,0.00259150000000008,-8.166475695731563e-05,0.017830005,-0.001062254999999998,33.81182141567536,10.223914333333378,4.8068669527897,2.6148972160331345
b2c31,b2,5.6C(26%)-4.5C,425.0,-3.3523588,-1.1922699639087426,-1.513931619438607,0.059274019094394295,-1.1694737132135222,1.0990092,0.0035775000000000112,4.000548051948808e-05,0.016888967,-0.0006819260000000028,33.3758501254003,10.177968666666759,4.8068669527897,2.6283889300503116
b2c32,b2,4.8C(80%)-4.8C-newstructure,809.0,-4.131466,-1.5612809293169392,-1.8732213244949334,0.2077959708242933,-0.9720793514472352,1.0881557,0.0049384000000001205,-5.6440724798998545e-05,0.014826416,-5.889600000000099e-05,32.16894887045923,10.041900666666674,4.8,2.9079485216122722
b2c33,b2,5.2C(58%)-4C-newstructure,1140.0,-4.2316284,-1.6182578963001477,-1.936308634278949,0.28592059854152607,-0.9761488944853669,1.0736533,0.0009377000000001523,-8.365757699441865e-05,0.015095364,-8.753799999999985e-05,32.74157143407892,10.03920333333323,4.803695150115473,3.0569048513364727
b2c34,b2,5.6C(26%)-4.5C-newstructure,1186.0,-4.448585,-1.7179903104712781,-2.0904410088428214,-0.1522684735219896,-0.8874034264965132,1.0674114,0.0014216000000000228,-5.389399505254974e-05,0.015062638,-0.00011882799999999964,35.66789148456313,10.040011000000039,4.8068669527897,3.074084689028244
b2c41,b2,5.6C(26%)-4.5C,442.0,-3.172366,-1.0918848858606458,-1.422872672739615,-0.043987320826571405,-1.1480574422129082,1.1050262,0.004434999999999967,2.55200000000119e-05,0.0,0.0,30.193787010451164,10.177705666666686,4.8068669527897,2.645422269349092
b2c42,b2,5.2C(50%)-4.25C,474.0,-3.4825878,-1.2662601714195016,-1.5325293038984205,0.35173157352822676,-1.169809278349278,1.1024443,0.011111600000000221,8.676465677181265e-05,0.0,0.0,31.709620029469267,10.174918666666732,4.797829036635006,2.6757783416740852
b2c43,b2,4.8C(80%)-4.8C-newstructure,1029.0,-4.271782,-1.7174943206413231,-2.1091125263691777,0.37364100682463486,-0.7838829337753039,1.1010081,0.0003325999999999052,-7.513894248607905e-05,0.0,0.0,33.92914533704784,10.0362016666667,4.8,3.012415374762433
b2c44,b2,5.2C(58%)-4C-newstructure,841.0,-4.3645234,-1.6924561050402736,-2.0579634218666865,-0.2315993427470348,-1.1068728883788646,1.0972656,0.0017932999999998867,-2.58148423005465e-05,0.0,0.0,33.95995836968299,10.040366333333369,4.803695150115473,2.924795995797912
b2c45,b2,5.6C(26%)-4.5C-newstructure,997.0,-4.175215,-1.5739695436796657,-1.9524265550162838,-0.3301157436898226,-0.9304724196030811,1.1029603,0.0013456000000000579,-5.889192826220739e-05,0.0,0.0,35.271412144027664,10.040267666666622,4.8068669527897,2.998695158311656
b2c46,b2,4.8C(80%)-4.8C,503.0,-3.5088751,-1.276853067724068,-1.6414123303381616,-0.1339231445756169,-1.203436416143388,1.100943,0.005184899999999937,2.0030014842313813e-05,0.0,0.0,29.88150861827619,10.169781000000075,4.8,2.7015679850559273
b3c0,b3,5C(67%)-4C-newstructure,1009.0,-4.245115,-1.632426509171124,-1.9955849417983975,-0.19512139050042168,-1.1718839068907405,1.0682849,0.0029794999999999128,-5.9709177489121404e-06,0.015398955,-0.00012841200000000136,32.194853230782606,10.044530999999989,4.804804804804805,3.0038911662369103
b3c1,b3,5.3C(54%)-4C-newstructure,1063.0,-4.285543,-1.65122398941781,-2.0167789451787805,-0.28636957458511864,-1.123993667355413,1.0661838,0.0024986000000000175,-1.5515202226336164e-05,0.015162034,-0.00010282300000000015,34.83231929224147,10.041138666666567,4.7936687394007915,3.0265332645232967
b3c2,b3,5.6C(19%)-4.6C-newstructure,1267.0,-4.7793803,-2.063080868376636,-2.5828367241081027,1.2545434898099443,1.9709442573015252,1.0610899,0.0019202999999998749,-2.051467037722471e-05,0.01489381,-0.0004166900000000008,36.79033178065713,10.044049666666687,4.803729603729602,3.1027766148834415
b3c3,b3,5.6C(36%)-4.3C-newstructure,1115.0,-4.1166077,-1.5712719456775246,-1.9703964831763412,-0.4795497610311866,-1.0204007071606689,1.0632294,0.0022348999999999286,-1.2873388991961262e-05,0.015006617,5.60549999999993e-05,36.08374244976545,10.042065333333351,4.8015952143569285,3.0472748673841794
b3c4,b3,5.6C(19%)-4.6C-newstructure,1048.0,-4.178466,-1.605367718621805,-1.9954017678070557,-0.43585955789617037,-1.1081174345373348,1.0730443,0.0021857999999999045,-5.635909709323786e-06,0.015246842,-6.733400000000049e-05,32.11715379681872,10.045031333333366,4.803729603729602,3.0203612826477078
b3c5,b3,5.6C(36%)-4.3C-newstructure,828.0,-4.114424,-1.5943957587111572,-1.9413550872671974,-0.16298161476852452,-1.284729365226123,1.0520495,0.0019323999999998343,-1.6479952999365257e-05,0.015374157,-0.00016723399999999874,35.56013985266867,10.041910000000012,4.8015952143569285,2.9180303367848803
b3c6,b3,3.7C(31%)-5.9C-newstructure,667.0,-3.5257082,-1.2740746826235614,-1.544887576706097,0.4831589362269395,-0.8670781639844711,1.0629802,4.060000000016828e-05,-0.0002024576747062385,0.013527169,0.00032014799999999927,34.1072055276095,10.06247166666663,4.795167490389896,2.824125833916549
b3c7,b3,4.8C(80%)-4.8C-newstructure,1836.0,-4.4887424,-1.7680456887242546,-2.152564322488823,-0.34078279785515536,-1.2007633416834178,1.0682656,0.002620100000000125,-3.072846011120885e-06,0.015535541,-3.5402999999999823e-05,32.79694473003086,11.041577333333311,4.8,3.2638726768652235
b3c8,b3,5C(67%)-4C-newstructure,828.0,-4.091804,-1.5710723243717826,-1.9278836853910761,-0.21507282038487432,-1.2791527695078089,1.0656182,0.0030342999999999343,-4.139225726643668e-06,0.015438134,-0.00017268099999999918,33.05552416009523,10.044950000000002,4.804804804804805,2.9180303367848803
b3c9,b3,5.3C(54%)-4C-newstructure,1039.0,-3.9822972,-1.5290709985535713,-1.8392910660422026,-0.05584847479935613,-1.3472163687767431,1.0703384,0.003002500000000019,-6.274706244730034e-08,0.015903223,-2.9396000000000977e-05,33.08832983925303,10.041749333333332,4.7936687394007915,3.016615547557177
b3c10,b3,4.8C(80%)-4.8C-newstructure,1078.0,-4.411356,-1.7191249710100127,-2.07908483764529,-0.24495636206943783,-1.1918748255281906,1.0624784,0.00247149999999996,-3.005273964123278e-06,0.015551002,-0.00014386399999999876,32.5348014795901,11.045003333333321,4.8,3.03261876085072
b3c11,b3,5.6C(19%)-4.6C-newstructure,817.0,-3.884921,-1.467405861801539,-1.8062997370761646,-0.14019242957025035,-1.2656070081978639,1.0686512,0.0020784000000000358,-1.838578726034887e-05,0.015608084,-4.955999999999884e-05,34.20373702283128,10.042218333333295,4.803729603729602,2.9122220565324155
b3c12,b3,5.6C(36%)-4.3C-newstructure,932.0,-3.94679,-1.4984630740704263,-1.814886034976511,0.009007569669703388,-1.2833713911002145,1.0748765,0.0020533000000000357,-7.75078787877607e-06,0.016139418,-4.0385999999999894e-05,33.2205731520236,10.04249166666661,4.8015952143569285,2.9694159123539814
b3c13,b3,5.6C(19%)-4.6C-newstructure,816.0,-4.094466,-1.5583666633115192,-1.929390311632894,-0.25826845043959495,-1.1979399369390333,1.0665193,0.003059000000000145,-1.288282251081032e-05,0.015250437,-0.00014514099999999967,34.11768528185422,10.042319666666685,4.803729603729602,2.9116901587538613
b3c14,b3,5.6C(36%)-4.3C-newstructure,858.0,-3.9996676,-1.5333934487563707,-1.879309003363734,-0.19204280815620964,-1.3198366247900328,1.0742604,0.0034472000000000946,3.3311119356986175e-06,0.015668793,-7.740999999999998e-05,33.11953606667905,10.041712000000018,4.8015952143569285,2.9334872878487053
b3c15,b3,5.9C(15%)-4.6C-newstructure,876.0,-4.0006843,-1.5304086982413385,-1.8748333420362937,-0.1538236295224999,-1.2842653491807323,1.0689965,0.0022114000000001965,-1.1926828695105976e-05,0.015417448,-9.027200000000062e-05,33.51055049283859,10.041533666666655,4.798232044198895,2.9425041061680806
b3c16,b3,4.8C(80%)-4.8C-newstructure,1638.0,-4.694514,-1.871213320039865,-2.273818965177466,-0.0532730694374423,-0.8886312006086663,1.0615807,0.0026869000000000476,-9.02417068644826e-06,0.015453937,-0.00012093599999999857,34.94134876933804,11.04336633333335,4.8,3.2143138974244
b3c17,b3,5.3C(54%)-4C-newstructure,1315.0,-4.439713,-1.7475740076063717,-2.1404883769866334,0.01669730004257728,-0.8152402531751979,1.0671474,0.0018178999999998169,-9.077925788485522e-06,0.015524552,-0.00016227499999999992,35.07228784758459,10.041974333333346,4.7936687394007915,3.1189257528257768
b3c18,b3,5.6C(19%)-4.6C-newstructure,1146.0,-4.254052,-1.629750860644866,-1.985384628344833,-0.22896156146489097,-1.0571239941852741,1.0685793,0.0015077000000001117,-2.9035308596155966e-05,0.015098186,-3.7439999999999696e-05,35.2914180269327,10.043129666666696,4.803729603729602,3.059184617631371
b3c19,b3,5.6C(36%)-4.3C-newstructure,1155.0,-4.1719418,-1.5969885082695092,-1.9375881006055664,-0.12087868249820792,-1.1118820052362164,1.0726638,0.0012054000000001341,-3.0255459492878707e-05,0.015555796,-4.249000000000093e-05,35.09835953689969,10.043436999999928,4.8015952143569285,3.062581984228163
b3c20,b3,5C(67%)-4C-newstructure,813.0,-4.0663447,-1.5517266362858233,-1.923746156120033,-0.3395299296193462,-1.1827997303539541,1.065752,0.002307000000000059,-7.735428571417273e-06,0.015409848,-7.635700000000085e-05,33.10212248197412,10.04332966666664,4.804804804804805,2.910090545594068
b3c21,b3,3.7C(31%)-5.9C-newstructure,772.0,-3.7043266,-1.3637515616636537,-1.6282174161404506,0.5061397731532689,-0.8460879910656907,1.0680218,0.0005828000000001055,-0.000159549027829306,0.013943589,0.00023393700000000003,34.900399416468076,10.067868000000017,4.795167490389896,2.887617300335736
b3c22,b3,5.9C(60%)-3.1C-newstructure,1002.0,-4.0468225,-1.5465385064559292,-1.8625651720360497,0.05292169127494444,-1.2689735567911813,1.0569252,0.002169099999999924,-1.650733085960431e-05,0.015852775,-0.00012298300000000012,34.61069656408486,10.043384333333282,4.813157894736842,3.0008677215312267
b3c24,b3,5C(67%)-4C-newstructure,825.0,-4.155255,-1.606031799917138,-1.9852492564694226,-0.3357488045966041,-1.2618531493581002,1.0472243,0.0037919999999997955,9.173244279539095e-06,0.015751192,-0.0001505590000000015,34.68760501613314,10.042240333333272,4.804804804804805,2.916453948549925
b3c25,b3,5.3C(54%)-4C-newstructure,989.0,-4.1465607,-1.57550675724767,-1.9615459520508511,-0.3663518268685352,-1.0733339063450784,1.061978,0.003435599999999983,6.741612863342608e-06,0.015752004,-4.924599999999932e-05,35.58186389191699,10.041598333333386,4.7936687394007915,2.9951962915971793
b3c26,b3,5.6C(19%)-4.6C-newstructure,1028.0,-4.219507,-1.6165598328342876,-1.993979517330436,-0.34215603653734306,-1.060482642711997,1.0725763,0.003173199999999987,-5.259072356089287e-07,0.015693368,-4.2369000000000434e-05,35.745916536891265,10.041816666666708,4.803729603729602,3.011993114659257
b3c27,b3,5.6C(36%)-4.3C-newstructure,850.0,-4.130132,-1.5751134283468682,-1.9702140361334928,-0.3611548352810157,-1.1141473966834659,1.0613309,0.003081200000000006,-4.842348794049489e-06,0.015073455,-9.954799999999965e-05,35.30844806776433,10.045022333333327,4.8015952143569285,2.929418925714293
b3c28,b3,3.7C(31%)-5.9C-newstructure,541.0,-3.4516578,-1.2378384750740912,-1.519186744663672,0.29964240052142865,-0.9803012015456574,1.0522791,0.00039759999999988693,-0.00019811058132342962,0.013169404,0.00043592300000000125,35.69688828820833,10.05914166666674,4.795167490389896,2.7331972651065692
b3c29,b3,5.9C(15%)-4.6C-newstructure,858.0,-4.063576,-1.5387793973355721,-1.946899455840269,-0.3484494507131652,-1.1797569435058362,1.067315,0.003863100000000008,3.306411873854724e-06,0.014962286,-0.00016551100000000013,31.262889334066085,10.041687666666647,4.798232044198895,2.9334872878487053
b3c30,b3,5.3C(54%)-4C-newstructure,935.0,-4.100226,-1.5728838457250454,-1.9532094681577754,-0.3873114438721851,-1.1369089094182463,1.0696324,0.002671599999999996,-4.072134817550682e-06,0.015732529,-0.00011412599999999912,32.24311941023021,10.043678666666674,4.7936687394007915,2.9708116108725178
b3c31,b3,5.9C(60%)-3.1C-newstructure,731.0,-3.8396032,-1.4483136553438143,-1.7864677404900469,-0.1208531910178514,-1.2916364250042884,1.0689309,0.002674999999999983,-9.569172541733965e-06,0.015983483,-2.983200000000047e-05,34.00003070157337,10.046477666666663,4.813157894736842,2.8639173769578603
b3c33,b3,5C(67%)-4C-newstructure,1284.0,-4.3958983,-1.7014547786273406,-2.1052033723848367,-0.420034920816396,-1.0089252698990567,1.0607876,0.0020533000000000357,-1.3073103277661068e-05,0.015511206,-0.00015399299999999984,33.10710984192206,10.043301333333366,4.804804804804805,3.1085650237328344
b3c34,b3,5.3C(54%)-4C-newstructure,1158.0,-4.30566,-1.6673618754094677,-2.01990538257171,-0.1840802583820392,-1.1558140558221812,1.0620755,0.0021550999999999654,-2.157224613481077e-05,0.015438841,-0.00010690799999999931,35.77943527518051,10.044184666666649,4.7936687394007915,3.0637085593914173
b3c35,b3,5.6C(19%)-4.6C-newstructure,1093.0,-4.2348585,-1.6377423327961873,-2.0076043915861255,-0.29633609686751133,-1.1528183326612926,1.0637906,0.0015468000000000703,-2.0020846011112373e-05,0.01549053,-7.601500000000046e-05,35.532941501822236,10.043148666666676,4.803729603729602,3.038620161949703
b3c36,b3,5.6C(36%)-4.3C-newstructure,923.0,-4.253458,-1.6386155152244664,-2.0039983232418255,-0.2511214618201273,-1.0968264435565234,1.0580546,0.0024887000000000103,-2.2412059369190802e-05,0.015267849,-8.82880000000006e-05,35.87907157748097,10.043801000000046,4.8015952143569285,2.965201701025912
b3c37,b3,4.8C(80%)-4.8C-newstructure,1390.0,-5.0988555,-2.073665792375876,-2.9678659850793223,1.1322709324909905,3.4189874834100333,1.047855,0.002845399999999998,-2.653285095843311e-06,0.014924189,-0.00013295699999999952,35.01461049108638,11.038556666666702,4.8,3.143014800254095
b3c38,b3,5C(67%)-4C-newstructure,1935.0,-4.342053,-1.6957890404875344,-2.060826021311727,-0.05416431446420971,-1.1768871767226075,1.0708532,0.001681100000000102,-9.310941249222904e-06,0.015988033,-0.00011589700000000022,34.745836319764145,10.044471,4.804804804804805,3.28668096935493
b3c39,b3,5.3C(54%)-4C-newstructure,1156.0,-4.454635,-1.7580079131394655,-2.191894330827357,-0.2925382770788192,-1.0030134528303782,1.048004,0.003449200000000152,-6.987717996285391e-06,0.015740704,-0.00015527400000000038,33.887021839840784,10.043833000000012,4.7936687394007915,3.0629578340845103
b3c40,b3,5.6C(19%)-4.6C-newstructure,796.0,-4.2951083,-1.6565169784087497,-2.041968485841203,-0.31543027881851043,-1.1385136614452949,1.0598956,0.003936300000000115,-8.324580086567718e-06,0.015561919,-0.00023430500000000062,34.05341123035083,10.043562999999995,4.803729603729602,2.900913067737669
b3c41,b3,5.6C(36%)-4.3C-newstructure,786.0,-4.219509,-1.616310456363169,-2.011082165319735,-0.3571332192861456,-1.0631312730380709,1.0514336,0.003397199999999989,9.02362894249467e-06,0.01854171,-0.00017313199999999945,33.640262798950594,10.042974333333357,4.8015952143569285,2.895422546039408
b3c42,b3,4.8C(80%)-4.8C-newstructure,1642.0,-4.346195,-2.2510517430257684,-3.1053948136361837,1.9865725884085383,2.9202476675885283,1.0676856,0.0022727000000000164,1.2642016079273034e-06,0.016376682,-0.0005620929999999996,33.03326599301577,11.038937333333307,4.8,3.215373152783422
b3c43,b3,5C(67%)-4C-newstructure,1046.0,-4.316748,-1.886847469198007,-2.485976169128908,0.9693083664100051,0.8468141168907359,1.0708117,0.0024786000000001085,2.584342609776051e-06,0.015843671,-0.00014502799999999844,33.89526904792961,10.043887666666608,4.804804804804805,3.0195316845312554
b3c44,b3,5.3C(54%)-4C-newstructure,940.0,-4.1314955,-1.5852752276758895,-1.9495792085290042,-0.24461655874794505,-1.238395803939112,1.0703323,0.0035490000000000244,4.112641929513696e-06,0.015722955,-0.00010574500000000084,33.35164903826186,10.043435666666628,4.7936687394007915,2.9731278535996988
b3c45,b3,4.8C(80%)-4.8C-newstructure,1801.0,-4.5208507,-1.7830954205289689,-2.1468037292529005,-0.328143559436097,-1.1771279778138657,1.0701143,0.0019245000000001067,-1.2559220779163423e-06,0.015742011,-7.953999999999947e-05,32.72596355233115,11.037649999999994,4.8,3.2555137128195333
